concurrency,x86_8c_reqps,x86_8c_p99ms,x86_16c_reqps,x86_16c_p99ms,x86_32c_reqps,x86_32c_p99ms,arm_8c_reqps,arm_8c_p99ms,arm_16c_reqps,arm_16c_p99ms,arm_32c_reqps,arm_32c_p99ms,x86_32c_2client_reqps,x86_32c_2client_errors,x86_32c_3client_reqps,x86_32c_3client_errors
100,1768,58,1736,62,1810,57,1659,69,1768,60,1790,64,,,,
500,8911,56,8650,61,8726,60,8740,61,8703,60,7494,72,,,,
1000,17405,60,17555,57,17500,59,16679,69,17447,59,15945,68,,,,
2000,32870,63,33435,64,35121,57,30799,79,33407,60,32573,67,,,,
4000,58627,71,64342,64,67228,64,53798,81,63007,64,65649,65,,,,
8000,90086,98,113259,74,124463,68,83513,106,108701,76,121238,74,,,,
10000,84302,146,129479,88,152285,68,87727,134,123508,91,142544,79,,,,
12000,103805,131,130514,92,163704,73,64178,149,116000,91,147284,83,,,,
16000,106556,188,119654,117,177518,79,,,,93037,115,146252,93,231400,0,,
20000,55452,,101869,,116576,,87166,,91773,,89124,,275048,0,,
24000,65468,,19822,,48687,,19392,,20313,,29137,,310172,0,307781,0
30000,,,,,,,,,,,,,,,,362915,0
32000,,,,,,,,,,,,,,340231,0,,
36000,,,,,,,,,,,,,,,,400049,0
40000,,,,,,,,,,,,,,169664,13627,,
42000,,,,,,,,,,,,,,,,371017,0
48000,,,,,,,,,,,,,,178919,10325,373058,0
60000,,,,,,,,,,,,,,,,350969,38
